filename,class_label,extension
blackhead_177_jpg.rf.65589485369c69dfa4c9c2b44cde5419.jpg,acne-blackheads,.jpg
white_head_-1-_jpg.rf.16feebf714be47b1c7b37ef2d26207f3.jpg,acne-whiteheads,.jpg
white_head_-1-_jpg.rf.31ec7e7590f6bde9c2cd01f3e6527faf.jpg,acne-whiteheads,.jpg
white_head_-1-_jpg.rf.3231f66e7047a1d4b6169d99064bc01b.jpg,acne-whiteheads,.jpg
white_head_-1-_jpg.rf.4129fd7b6453289b08c4f025c14333a2.jpg,acne-whiteheads,.jpg
white_head_-1-_jpg.rf.6a5eb4bc36483ce0b742aea18c978f9a.jpg,acne-whiteheads,.jpg
white_head_-1-_jpg.rf.6ee1b5b56779d2c88d4cfd2419152df0.jpg,acne-whiteheads,.jpg
white_head_-1-_jpg.rf.792df4e2389c188ffc10b4489cc6efc8.jpg,acne-whiteheads,.jpg
white_head_-1-_jpg.rf.82b0ea5b03975d82c27a3f504289db71.jpg,acne-whiteheads,.jpg
white_head_-1-_jpg.rf.85f99e64052893f234f5b17fb56aaa7f.jpg,acne-whiteheads,.jpg
white_head_-1-_jpg.rf.883a983dbbbb0241aa5cd7b504e2189a.jpg,acne-whiteheads,.jpg
white_head_-1-_jpg.rf.a8df374a2b11acdf3f1fe85b3745de2a.jpg,acne-whiteheads,.jpg
white_head_-1-_jpg.rf.cbc0034bf1f5dc9c77a8aa3301bea988.jpg,acne-whiteheads,.jpg
white_head_-1-_jpg.rf.df6c6ec7918f22ecd3d80f43af7514fd.jpg,acne-whiteheads,.jpg
white_head_-1-_jpg.rf.e6ece0461c40b25e11537a9ca7b99c03.jpg,acne-whiteheads,.jpg
white_head_-1-_jpg.rf.f449acc48dc868254b55409c4da6b551.jpg,acne-whiteheads,.jpg
white_head_-1-_png_jpg.rf.12598fa6f50e5b6c4d74e28bd328366c.jpg,acne-whiteheads,.jpg
white_head_-1-_png_jpg.rf.378c3f5d184987b1a4b507a21f74d472.jpg,acne-whiteheads,.jpg
white_head_-1-_png_jpg.rf.3f09443f8db15dfd2a951ae88a67e4b7.jpg,acne-whiteheads,.jpg
white_head_-1-_png_jpg.rf.41aa63d5b264bbb02f38256cc39ee172.jpg,acne-whiteheads,.jpg
white_head_-1-_png_jpg.rf.504ea5c35c33a68085b54ba5fc3d1da2.jpg,acne-whiteheads,.jpg
white_head_-1-_png_jpg.rf.932137c71ba5dfd3d8d8035b4d42c261.jpg,acne-whiteheads,.jpg
white_head_-1-_png_jpg.rf.f790fea88f010ddab9f92d20df7de334.jpg,acne-whiteheads,.jpg
white_head_-10-_jpg.rf.00598058206889ee39c9c994fe0739e1.jpg,acne-whiteheads,.jpg
white_head_-10-_jpg.rf.039d8757948b79b14626cfbf32a8337f.jpg,acne-whiteheads,.jpg
white_head_-10-_jpg.rf.20f9f57ce341b716f7c537983dc038d6.jpg,acne-whiteheads,.jpg
white_head_-10-_jpg.rf.2202c3832895dbcf3d05761294d4e398.jpg,acne-whiteheads,.jpg
white_head_-10-_jpg.rf.252a03048c2f9d01a5d62f8c840b1fba.jpg,acne-whiteheads,.jpg
white_head_-10-_jpg.rf.3d574033fa808d409ed275b31f522c8a.jpg,acne-whiteheads,.jpg
white_head_-10-_jpg.rf.409cee5f2128389c0bc79d392be58357.jpg,acne-whiteheads,.jpg
white_head_-10-_jpg.rf.46b642aa2dcbeb7990ee6a0fb88a028e.jpg,acne-whiteheads,.jpg
white_head_-10-_jpg.rf.47183cf062f297081abaf24a819a79fa.jpg,acne-whiteheads,.jpg
white_head_-10-_jpg.rf.4ba9a3fb31dc709b7071a7d92b853a37.jpg,acne-whiteheads,.jpg
white_head_-10-_jpg.rf.4f75d44da6ef32bcbbdbf28c7c371c2d.jpg,acne-whiteheads,.jpg
white_head_-10-_jpg.rf.567824d1dd4f0f9db1a6c4e2750cb07d.jpg,acne-whiteheads,.jpg
white_head_-10-_jpg.rf.696e28917aba3b2f685936562ad32823.jpg,acne-whiteheads,.jpg
white_head_-10-_jpg.rf.9959c01e624c53d43e04190db2e1899a.jpg,acne-whiteheads,.jpg
white_head_-10-_jpg.rf.a110845f9945cebb517bd500bd63df99.jpg,acne-whiteheads,.jpg
white_head_-10-_jpg.rf.a18d85d5d50b49e55ced235a24a5e917.jpg,acne-whiteheads,.jpg
white_head_-10-_jpg.rf.a75867600435d8eb444349b61e56aa81.jpg,acne-whiteheads,.jpg
white_head_-10-_jpg.rf.a866135b87718718a68bfd6dc89e3196.jpg,acne-whiteheads,.jpg
white_head_-10-_jpg.rf.ab28541a43e29406d22b9a8815472369.jpg,acne-whiteheads,.jpg
white_head_-10-_jpg.rf.c8906e632e4e5a989945403107ac1f30.jpg,acne-whiteheads,.jpg
white_head_-10-_jpg.rf.cc56b0f25241a725acdc2915770982b5.jpg,acne-whiteheads,.jpg
white_head_-10-_jpg.rf.d09e8031369ba567d33eaae8aec6fa80.jpg,acne-whiteheads,.jpg
white_head_-10-_jpg.rf.e9ce285e77052b63a7c4af4c22ae1989.jpg,acne-whiteheads,.jpg
white_head_-10-_jpg.rf.f8577df46c1189a88ff687fc8aa35581.jpg,acne-whiteheads,.jpg
white_head_-11-_jpg.rf.101c75a0715827b53067c68152d2719f.jpg,acne-whiteheads,.jpg
white_head_-11-_jpg.rf.1ba160cf008f15d5485d3362afc1307a.jpg,acne-whiteheads,.jpg
white_head_-11-_jpg.rf.1d71af8cfa265ce55eaaae0f8dbf599f.jpg,acne-whiteheads,.jpg
white_head_-11-_jpg.rf.2193f24fc08c4cd5e2f6185771659641.jpg,acne-whiteheads,.jpg
white_head_-11-_jpg.rf.29daf47efb3fc12b5ec75446c8a290a0.jpg,acne-whiteheads,.jpg
white_head_-11-_jpg.rf.301a1e807270def41856d72eb89aa792.jpg,acne-whiteheads,.jpg
white_head_-11-_jpg.rf.477fd552ee4a174603e5aac4468dffa5.jpg,acne-whiteheads,.jpg
white_head_-11-_jpg.rf.5891a9d06c8a4c9822539170635440db.jpg,acne-whiteheads,.jpg
white_head_-11-_jpg.rf.719ba4ac5946bd7dd404e5525a7b8b64.jpg,acne-whiteheads,.jpg
white_head_-11-_jpg.rf.7bc85f79a68893bbf870fc5b96b5c7ab.jpg,acne-whiteheads,.jpg
white_head_-11-_jpg.rf.7e012cfe41d443fe79bd82c6f2e411ba.jpg,acne-whiteheads,.jpg
white_head_-11-_jpg.rf.83ba400fd8807213d346c4fe98acf594.jpg,acne-whiteheads,.jpg
white_head_-11-_jpg.rf.8e84b22a1f28b4f763eeb468ec9b3b45.jpg,acne-whiteheads,.jpg
white_head_-11-_jpg.rf.8fc22facd189052e91b01b319a47b89c.jpg,acne-whiteheads,.jpg
white_head_-11-_jpg.rf.99d1da202d0f1191946bb1ee0602b52b.jpg,acne-whiteheads,.jpg
white_head_-11-_jpg.rf.aee32d9f14810435ef3f8d9913cdd64c.jpg,acne-whiteheads,.jpg
white_head_-11-_jpg.rf.b968763df8ff73c324037ef9ee0ba053.jpg,acne-whiteheads,.jpg
white_head_-11-_jpg.rf.bf2772483a140f24143473ac4cc93cde.jpg,acne-whiteheads,.jpg
white_head_-11-_jpg.rf.f856e1edb32a2a2bdd91e5b75ab0f32d.jpg,acne-whiteheads,.jpg
white_head_-12-_jpg.rf.243d7a1aa171f47d4ebd74d2160ae251.jpg,acne-whiteheads,.jpg
white_head_-12-_jpg.rf.26a6389ecdc1d07a9922bb7c738705df.jpg,acne-whiteheads,.jpg
white_head_-12-_jpg.rf.7978336a9d49060f3f8270f98875c421.jpg,acne-whiteheads,.jpg
white_head_-12-_jpg.rf.bb227eea0d449d4bc2f35984f545f2b2.jpg,acne-whiteheads,.jpg
white_head_-12-_jpg.rf.e257f9ed77161282ead862da93da6e2c.jpg,acne-whiteheads,.jpg
white_head_-12-_jpg.rf.e51ba861d11e4ee372d35aed4ab596a8.jpg,acne-whiteheads,.jpg
white_head_-12-_jpg.rf.ec4103a5c26f27446eb8a6d37603c901.jpg,acne-whiteheads,.jpg
white_head_-12-_jpg.rf.f4eda05614173e28fae8b5ac87b15c7c.jpg,acne-whiteheads,.jpg
white_head_-12-_jpg.rf.f7e551887fe7accfe293404d372a5680.jpg,acne-whiteheads,.jpg
white_head_-12-_jpg.rf.fb8189e21a7af1f528477b04165dbf2a.jpg,acne-whiteheads,.jpg
white_head_-13-_jpg.rf.0bf9932adf741bdb7acdcc334ce96de9.jpg,acne-whiteheads,.jpg
white_head_-13-_jpg.rf.397d64c7234637ad2537717e4eb5924b.jpg,acne-whiteheads,.jpg
white_head_-13-_jpg.rf.7e35cc6f2d4039f04f79bacd48c96988.jpg,acne-whiteheads,.jpg
white_head_-13-_jpg.rf.a0da04a8abd67bb708689bafa7dbe441.jpg,acne-whiteheads,.jpg
white_head_-13-_jpg.rf.c8d351cd9e1d5c3531981f72c92bf174.jpg,acne-whiteheads,.jpg
white_head_-13-_jpg.rf.cbd788f4614776ab6cc119c6d65557be.jpg,acne-whiteheads,.jpg
white_head_-13-_jpg.rf.d2a879e12c6bac895a6f90b21937fb97.jpg,acne-whiteheads,.jpg
white_head_-13-_jpg.rf.da3014f2e0d565d461e412c9736110a4.jpg,acne-whiteheads,.jpg
white_head_-13-_jpg.rf.eb96001e07f303de68eee9f250c3a36e.jpg,acne-whiteheads,.jpg
white_head_-14-_jpg.rf.9b8ba13d5d052b2689c2ff465438effd.jpg,acne-whiteheads,.jpg
white_head_-14-_jpg.rf.d533cebc4486f8d4154a2ee3682063b9.jpg,acne-whiteheads,.jpg
white_head_-14-_jpg.rf.f1555ddb480bc8034fe5bf72156d1c4d.jpg,acne-whiteheads,.jpg
white_head_-15-_jpg.rf.5a07f5f2b35c69ec3b73babbdaaf49ef.jpg,acne-whiteheads,.jpg
white_head_-15-_jpg.rf.6c3e02bc36a6a26f302dc03c523595e8.jpg,acne-whiteheads,.jpg
white_head_-16-_jpg.rf.5ed3c5f4366bfac8b52fba51ecbe38df.jpg,acne-whiteheads,.jpg
white_head_-17-_jpg.rf.2baf4eb4f41011221eabf3a4f870c1db.jpg,acne-whiteheads,.jpg
white_head_-17-_jpg.rf.518159a2002467013ca4b2615d5ef911.jpg,acne-whiteheads,.jpg
white_head_-17-_jpg.rf.c3a97893673da8afe05d96d24b207532.jpg,acne-whiteheads,.jpg
white_head_-18-_jpg.rf.9aaa7282478e1696f9bacd53dcaf9b5b.jpg,acne-whiteheads,.jpg
white_head_-2-_jpg.rf.19a240508bdc406c31af5cd0929fb947.jpg,acne-whiteheads,.jpg
white_head_-2-_jpg.rf.380b5223ba7a0f66ee1da7109e1789c5.jpg,acne-whiteheads,.jpg
white_head_-2-_jpg.rf.6366b506bb8eb64458163e1bc843ea5c.jpg,acne-whiteheads,.jpg
white_head_-2-_jpg.rf.8dda40532ee5fc6aff52d953257a1233.jpg,acne-whiteheads,.jpg
white_head_-2-_jpg.rf.98b08dde9ba36e1dbbd408dad44ce6ba.jpg,acne-whiteheads,.jpg
white_head_-2-_jpg.rf.a7061b3947fc940ba7a4c2852f8ea452.jpg,acne-whiteheads,.jpg
white_head_-2-_jpg.rf.aa3def8bef80a30b75f8a3894ee769f7.jpg,acne-whiteheads,.jpg
white_head_-2-_jpg.rf.bd3f08954bac7cf413e4d61bfaf0e2f0.jpg,acne-whiteheads,.jpg
white_head_-2-_jpg.rf.e05b9c09039ca8c4e9b640d4c9665881.jpg,acne-whiteheads,.jpg
white_head_-2-_jpg.rf.efa36bf335be3c15f78c887063312d94.jpg,acne-whiteheads,.jpg
white_head_-3-_jpg.rf.047ae25355b39f40448f399ea2abeb80.jpg,acne-whiteheads,.jpg
white_head_-3-_jpg.rf.0b75c8452feb7362040ee2709074c30d.jpg,acne-whiteheads,.jpg
white_head_-3-_jpg.rf.1455a3430e38f51ab40a3999e29c6ab2.jpg,acne-whiteheads,.jpg
white_head_-3-_jpg.rf.35e57eb991408aa0b537a40f7be0760f.jpg,acne-whiteheads,.jpg
white_head_-3-_jpg.rf.3c3c10e8637063804cf9b4b8ac96d921.jpg,acne-whiteheads,.jpg
white_head_-3-_jpg.rf.56c045c5e320d942e652c60c0158dca8.jpg,acne-whiteheads,.jpg
white_head_-3-_jpg.rf.5ec6914ef8102b094e610c619f116ba7.jpg,acne-whiteheads,.jpg
white_head_-3-_jpg.rf.5f3a7eb395315d25ed67ec2bab0648b3.jpg,acne-whiteheads,.jpg
white_head_-3-_jpg.rf.65ca04f78792857e2cc7358dea1e763f.jpg,acne-whiteheads,.jpg
white_head_-3-_jpg.rf.ae239cfd657d587bc08ee07fcbdb009d.jpg,acne-whiteheads,.jpg
white_head_-3-_jpg.rf.c3ff295749f11cbe1e8afb98f56bfb96.jpg,acne-whiteheads,.jpg
white_head_-3-_jpg.rf.c72cab750d1374d664a77bcdfc2197b5.jpg,acne-whiteheads,.jpg
white_head_-3-_jpg.rf.d2e53b261f57e10307bf5ab177c7bf45.jpg,acne-whiteheads,.jpg
white_head_-3-_jpg.rf.db719cb698b17c6614c4751a99de3c00.jpg,acne-whiteheads,.jpg
white_head_-3-_jpg.rf.df6138665abeffcdc2ccca3eb5671a17.jpg,acne-whiteheads,.jpg
white_head_-3-_jpg.rf.ee7901f294c88e00da167c95710eb07f.jpg,acne-whiteheads,.jpg
white_head_-3-_jpg.rf.ef26064236e2977dd4eb388af4d0ae51.jpg,acne-whiteheads,.jpg
white_head_-3-_jpg.rf.ef6c610989792db6d4a2b5e5f09f9ebf.jpg,acne-whiteheads,.jpg
white_head_-3-_jpg.rf.f1d809686c3c335717108945c5cdd7a1.jpg,acne-whiteheads,.jpg
white_head_-3-_png_jpg.rf.0649189fbd2b2832432365c5171d7774.jpg,acne-whiteheads,.jpg
white_head_-3-_png_jpg.rf.12e5ae3ba57ea76181e4cbccf19c8594.jpg,acne-whiteheads,.jpg
white_head_-3-_png_jpg.rf.14286f2df2cc76cbf0910824a8b67aa4.jpg,acne-whiteheads,.jpg
white_head_-3-_png_jpg.rf.610b20693b5cad607d1ca9d0e70cac00.jpg,acne-whiteheads,.jpg
white_head_-3-_png_jpg.rf.8eea16826dc5b2f42dbd20e52eeb72f5.jpg,acne-whiteheads,.jpg
white_head_-3-_png_jpg.rf.8fbf7621afdbbcc7870249dfc08a2b1a.jpg,acne-whiteheads,.jpg
white_head_-3-_png_jpg.rf.aff2392b0eca046d4aa597fd8a733fbc.jpg,acne-whiteheads,.jpg
white_head_-3-_png_jpg.rf.c1349ddb891721a6110fdb60050a9f7b.jpg,acne-whiteheads,.jpg
white_head_-4-_jpg.rf.1f8bb6e0e1c90bc98083f7985ae777bd.jpg,acne-whiteheads,.jpg
white_head_-4-_jpg.rf.23eaffa695dd87126f22d42cd8c35176.jpg,acne-whiteheads,.jpg
white_head_-4-_jpg.rf.296b9a4eb9e511c890d77b2583b7ae55.jpg,acne-whiteheads,.jpg
white_head_-4-_jpg.rf.3b607d24f0da83b1938350ff0317094f.jpg,acne-whiteheads,.jpg
white_head_-4-_jpg.rf.3fca05123f275eabfbdbe012f4dbe85d.jpg,acne-whiteheads,.jpg
white_head_-4-_jpg.rf.47ff51b7e4cdac5c6dfe5cb156d2f701.jpg,acne-whiteheads,.jpg
white_head_-4-_jpg.rf.5458ac15ebfa82f88cabc86880e3f66f.jpg,acne-whiteheads,.jpg
white_head_-4-_jpg.rf.70d4fafeb3ca1b9a184e588a7a03e3a0.jpg,acne-whiteheads,.jpg
white_head_-4-_jpg.rf.720bd3ceb5ae46b22b8cd89e6e8c1738.jpg,acne-whiteheads,.jpg
white_head_-4-_jpg.rf.7ace221e33192dba470648bdd91f72ab.jpg,acne-whiteheads,.jpg
white_head_-4-_jpg.rf.85e9348c8c2539dc03105c87cd72f878.jpg,acne-whiteheads,.jpg
white_head_-4-_jpg.rf.9e28933b8fa8fd10654e39b3b47ac773.jpg,acne-whiteheads,.jpg
white_head_-4-_jpg.rf.a3bbf6758f1464a4a4346a047ac0036e.jpg,acne-whiteheads,.jpg
white_head_-4-_jpg.rf.a52a2051269c8602b6c68086cd0596e6.jpg,acne-whiteheads,.jpg
white_head_-4-_jpg.rf.a6669711289fc117e520e0fddd152266.jpg,acne-whiteheads,.jpg
white_head_-4-_jpg.rf.da41c871ba4e735f459253720d42dce3.jpg,acne-whiteheads,.jpg
white_head_-4-_jpg.rf.e1de56094281c00b87d63ca1bf57d3a9.jpg,acne-whiteheads,.jpg
white_head_-5-_jpg.rf.10eb3e8677d557fdbeffa6493218870d.jpg,acne-whiteheads,.jpg
white_head_-5-_jpg.rf.3b1806f423354b1398a086eaa2c057de.jpg,acne-whiteheads,.jpg
white_head_-5-_jpg.rf.4416e9a98c22e2750f709b6f0cc7a777.jpg,acne-whiteheads,.jpg
white_head_-5-_jpg.rf.7f5fb571f4b55b46725b2edac1e457df.jpg,acne-whiteheads,.jpg
white_head_-5-_jpg.rf.ab141b3973d761b9461c517fc63aae21.jpg,acne-whiteheads,.jpg
white_head_-5-_jpg.rf.be191fed70612290774da63b5815cc92.jpg,acne-whiteheads,.jpg
white_head_-5-_jpg.rf.d24fc57254bc1535cf458f2d01ebcaed.jpg,acne-whiteheads,.jpg
white_head_-5-_jpg.rf.ec270a4f18c9504b16c284ce873a7281.jpg,acne-whiteheads,.jpg
white_head_-5-_jpg.rf.ef24ccc97f432556bac072396a73004b.jpg,acne-whiteheads,.jpg
white_head_-5-_jpg.rf.f120c46b1eec7a852301e97628d061fc.jpg,acne-whiteheads,.jpg
white_head_-5-_jpg.rf.f278c3e65b8d467f3ea1d4be1d5ddd17.jpg,acne-whiteheads,.jpg
white_head_-5-_jpg.rf.f457734d002c6bcd1cb48a91e78379d5.jpg,acne-whiteheads,.jpg
white_head_-5-_jpg.rf.f4fd7260dddd07b29fe1384eedcffa99.jpg,acne-whiteheads,.jpg
white_head_-6-_jpg.rf.0631231eba0158770487192a593906e1.jpg,acne-whiteheads,.jpg
white_head_-6-_jpg.rf.1c884cbfe877c4ed757b83cf40e8eba5.jpg,acne-whiteheads,.jpg
white_head_-6-_jpg.rf.264541b93eb71e582f2bb8a1388d10d6.jpg,acne-whiteheads,.jpg
white_head_-6-_jpg.rf.4aeca26d2e11474c3cd9834a0fc1dc0f.jpg,acne-whiteheads,.jpg
white_head_-6-_jpg.rf.54461d9b979c4f03effb46017a7cf6e8.jpg,acne-whiteheads,.jpg
white_head_-6-_jpg.rf.5d73b8c1b618f7594c926c7843f47728.jpg,acne-whiteheads,.jpg
white_head_-6-_jpg.rf.6290f554707d48081f025e832aeaeb30.jpg,acne-whiteheads,.jpg
white_head_-6-_jpg.rf.6a1c72f26fd0bd4ae527816ab1af4284.jpg,acne-whiteheads,.jpg
white_head_-6-_jpg.rf.6f7c414cd4b3fc9a7c4ae92e51bfba89.jpg,acne-whiteheads,.jpg
white_head_-6-_jpg.rf.77ea2dee8fe30287ad37191d1ddc06ab.jpg,acne-whiteheads,.jpg
white_head_-6-_jpg.rf.8e0e5c5b9ad9f6b1b92a06921e5d35cb.jpg,acne-whiteheads,.jpg
white_head_-6-_jpg.rf.98b84a94ea428465af8b8c5c248d39be.jpg,acne-whiteheads,.jpg
white_head_-6-_jpg.rf.9dfa9f07904900155b6b4f0a768af184.jpg,acne-whiteheads,.jpg
white_head_-6-_jpg.rf.a067eee69c04424e1f4a4c2512c4dce2.jpg,acne-whiteheads,.jpg
white_head_-6-_jpg.rf.a4deb56eab187f8524374f5412aa4a0b.jpg,acne-whiteheads,.jpg
white_head_-6-_jpg.rf.de132aaa488307a38bfd8daf73080db5.jpg,acne-whiteheads,.jpg
white_head_-6-_jpg.rf.e625a79d4cec61abc1e6819d1ff8e05f.jpg,acne-whiteheads,.jpg
white_head_-6-_jpg.rf.f75b9c8ac97f491dcdef1d31fa8d5525.jpg,acne-whiteheads,.jpg
white_head_-8-_jpg.rf.2191987c8973ac560861c7c95c5524f6.jpg,acne-whiteheads,.jpg
white_head_-8-_jpg.rf.3569030f7d6314220df06b1fa5e32403.jpg,acne-whiteheads,.jpg
white_head_-8-_jpg.rf.36bdebd4ab20c036943e6a23a9fc178c.jpg,acne-whiteheads,.jpg
white_head_-8-_jpg.rf.b8dedab23699068b7a77200ed58a4f7d.jpg,acne-whiteheads,.jpg
white_head_-8-_jpg.rf.f3b9c5eda728185d6f4fda83c5786ddd.jpg,acne-whiteheads,.jpg
white_head_-9-_jpg.rf.344d7e18ea70ee4f365f35528fab0188.jpg,acne-whiteheads,.jpg
white_head_-9-_jpg.rf.461647d46bd848de11e24d70bd6a06fa.jpg,acne-whiteheads,.jpg
white_head_-9-_jpg.rf.6b1c7bf333e365469c8492344de68110.jpg,acne-whiteheads,.jpg
white_head_-9-_jpg.rf.ae0068e58de16d7c25f0cd6d1af9dbb0.jpg,acne-whiteheads,.jpg
white_head_-9-_jpg.rf.b1d95f7513256675017937555c714ae8.jpg,acne-whiteheads,.jpg
white_head_-9-_jpg.rf.b6eaaa5efb44d80ee13c9ecec1f4d616.jpg,acne-whiteheads,.jpg
white_head_-9-_jpg.rf.ea59fcbd2ebd29c081d00ff1fa8fd5a4.jpg,acne-whiteheads,.jpg
white_head_-9-_jpg.rf.f087e01a6cfdec49ce15d64d1ba599de.jpg,acne-whiteheads,.jpg
white_head_-9-_jpg.rf.ff7b7f2a559746cdaf3486ea286394b3.jpg,acne-whiteheads,.jpg
-1_PNG_jpg.rf.1ae1e7aa68c4486fd01071e4ac3c6ea5.jpg,enlarged-pores,.jpg
-3_PNG_jpg.rf.1dfd536c31a2568c653fb4ba0fc22b29.jpg,enlarged-pores,.jpg
-3_PNG_jpg.rf.2ba977e89b28ff5d4ec93c91554531d5.jpg,enlarged-pores,.jpg
-3_PNG_jpg.rf.333db14154257747d4cb9277ce9c9cd0.jpg,enlarged-pores,.jpg
-3_PNG_jpg.rf.3e9fac5e6136ae6291885e22ceb00cc5.jpg,enlarged-pores,.jpg
-3_PNG_jpg.rf.424537b51dd3071771a96f6be2e10fb6.jpg,enlarged-pores,.jpg
-3_PNG_jpg.rf.440ab153872f367886f1f992daf93da1.jpg,enlarged-pores,.jpg
-3_PNG_jpg.rf.7c10ad925169a62e744d0f28142f2a15.jpg,enlarged-pores,.jpg
-3_PNG_jpg.rf.cc612232b7c3c6c6fb61f82f8b2b4a1e.jpg,enlarged-pores,.jpg
-3_PNG_jpg.rf.f877440410b7d9eece773398ed4bad09.jpg,enlarged-pores,.jpg
-3_PNG_jpg.rf.fba457575f96984cf67c246ffd37afa6.jpg,enlarged-pores,.jpg
-5_PNG_jpg.rf.0623750ad65b9138cfe48c7664fd6c59.jpg,enlarged-pores,.jpg
-5_PNG_jpg.rf.1540ca8325c94744bf6acb09273fca21.jpg,enlarged-pores,.jpg
-5_PNG_jpg.rf.2760e812b087ac5af09657bdc551f74d.jpg,enlarged-pores,.jpg
-5_PNG_jpg.rf.42893a73ed855d956816ddc6ad7e284e.jpg,enlarged-pores,.jpg
-5_PNG_jpg.rf.4471c83ce099f4ed8e3a8d43a50abc6e.jpg,enlarged-pores,.jpg
-5_PNG_jpg.rf.493f49440cb3c45407e3e74675ab4d38.jpg,enlarged-pores,.jpg
-5_PNG_jpg.rf.601df2c6cef8a2d9fe87c35fe4c5ceab.jpg,enlarged-pores,.jpg
-5_PNG_jpg.rf.65199f2f8ad1c13580e3ed4b3d32cb65.jpg,enlarged-pores,.jpg
-5_PNG_jpg.rf.6a1a8dc8784b9793bf4d03f4d6688b4e.jpg,enlarged-pores,.jpg
-5_PNG_jpg.rf.747622f64c9ce57afdd1304db64466ce.jpg,enlarged-pores,.jpg
-5_PNG_jpg.rf.81642c497c70599182448a0a73282b50.jpg,enlarged-pores,.jpg
-5_PNG_jpg.rf.850aa826cafc37cd670bd31b5fd262e2.jpg,enlarged-pores,.jpg
-5_PNG_jpg.rf.864f31a3c809c7e110ff726f091a719c.jpg,enlarged-pores,.jpg
-5_PNG_jpg.rf.8be0b63729d505bc52091bd68149c5a2.jpg,enlarged-pores,.jpg
-5_PNG_jpg.rf.a0422ba3a844fd22b70a1d3e0b67d345.jpg,enlarged-pores,.jpg
-5_PNG_jpg.rf.adb93da2bc33ebe4161d3d2c2f10c2fe.jpg,enlarged-pores,.jpg
-5_PNG_jpg.rf.b17abe11dc49d6837b0bc7d8bfb8e180.jpg,enlarged-pores,.jpg
-5_PNG_jpg.rf.b2f32814a10d5e17ad7db88e92d1f685.jpg,enlarged-pores,.jpg
-5_PNG_jpg.rf.b5a0ae7f1eef1a777be07034036992e0.jpg,enlarged-pores,.jpg
-5_PNG_jpg.rf.bdf2a4d2cab8a875ff5bba96f6e42af5.jpg,enlarged-pores,.jpg
-5_PNG_jpg.rf.d3818c79a8d2861c238d2045a7043027.jpg,enlarged-pores,.jpg
-5_PNG_jpg.rf.d70c81483f2946e519defed25da6d510.jpg,enlarged-pores,.jpg
-5_PNG_jpg.rf.da93ec50b33438d06f7e89b8d1b6dce5.jpg,enlarged-pores,.jpg
-5_PNG_jpg.rf.e3b8f6e1c98b4ee647179baab8ae2bad.jpg,enlarged-pores,.jpg
-5_PNG_jpg.rf.eb77bcbf7830b21bd295e19d1024b66a.jpg,enlarged-pores,.jpg
-5_PNG_jpg.rf.fda70ac3cc96ea459ab4b0451884146e.jpg,enlarged-pores,.jpg
-6_PNG_jpg.rf.0db645ae330f63b6fc9aa1124fd877e7.jpg,enlarged-pores,.jpg
-6_PNG_jpg.rf.2a04f12a53f31f1a3910f83b6dd840b0.jpg,enlarged-pores,.jpg
-6_PNG_jpg.rf.bed254ff9dd3ac5f14ed7c298390e7f8.jpg,enlarged-pores,.jpg
-6_PNG_jpg.rf.ccfd687d04527a51c31037d27434de2a.jpg,enlarged-pores,.jpg
-6_PNG_jpg.rf.cfa5a43bef33c6c76380ef37860ad839.jpg,enlarged-pores,.jpg
-6_PNG_jpg.rf.d3654f097c5ff5f9ef1f2278d315b3e2.jpg,enlarged-pores,.jpg
-6_PNG_jpg.rf.dcfad9cff279bd868f21af5226b61a0d.jpg,enlarged-pores,.jpg
-6_PNG_jpg.rf.df483437dce0e31bb9362c8beaafdbea.jpg,enlarged-pores,.jpg
-6_PNG_jpg.rf.df611388f59279bdec7679a2281b25bb.jpg,enlarged-pores,.jpg
-6_PNG_jpg.rf.f31e96cdf5cf3fd2b0765a864f720590.jpg,enlarged-pores,.jpg
-6_PNG_jpg.rf.f505043673b714fc63ae9bfd489dab93.jpg,enlarged-pores,.jpg
-6_PNG_jpg.rf.f71b5b9ab511407ba375b493e753016e.jpg,enlarged-pores,.jpg
-7_PNG_jpg.rf.092eaba89e65a0efa9f5c8ed1eeb9b7b.jpg,enlarged-pores,.jpg
-7_PNG_jpg.rf.0aa65269f33a883bff15d486f8c9f461.jpg,enlarged-pores,.jpg
-7_PNG_jpg.rf.33945cbd4c0a409e175041c42a0258dc.jpg,enlarged-pores,.jpg
-7_PNG_jpg.rf.4663c7919007ddabcac829fa5b6006b5.jpg,enlarged-pores,.jpg
-7_PNG_jpg.rf.5880b54ce102c304276973a7a4a25f3b.jpg,enlarged-pores,.jpg
-7_PNG_jpg.rf.5e50020eec3401f30d5ecd84dbd72b80.jpg,enlarged-pores,.jpg
-7_PNG_jpg.rf.616e7e5964490cf8b56d3630355829db.jpg,enlarged-pores,.jpg
-7_PNG_jpg.rf.67871ef1e2068d31f2611999e9d62989.jpg,enlarged-pores,.jpg
-7_PNG_jpg.rf.729d65a597ec618fef38d36e0816a5c1.jpg,enlarged-pores,.jpg
-7_PNG_jpg.rf.7e8f798e5f4ec12fe9680d2a6aa94080.jpg,enlarged-pores,.jpg
-7_PNG_jpg.rf.7ff92c6e4077493857ff3f87f00d3ccd.jpg,enlarged-pores,.jpg
-7_PNG_jpg.rf.841879ca90b7bd90af7387215a541a5a.jpg,enlarged-pores,.jpg
-7_PNG_jpg.rf.8a74ae39d9d9efcf8bd40b293cbe3135.jpg,enlarged-pores,.jpg
-7_PNG_jpg.rf.93adce84efc140ad911c019959a66fdf.jpg,enlarged-pores,.jpg
-7_PNG_jpg.rf.c109f8ecf178890b775417b5c879e18b.jpg,enlarged-pores,.jpg
-7_PNG_jpg.rf.c7ce90c34424e7480527ab6e447b3665.jpg,enlarged-pores,.jpg
-7_PNG_jpg.rf.d57303967d1187a893ebfea32f5ca748.jpg,enlarged-pores,.jpg
-7_PNG_jpg.rf.d73df373c572832f45f10ba780f4b3d0.jpg,enlarged-pores,.jpg
-8_PNG_jpg.rf.2dedbee6b2fbb59e56456d35daafea61.jpg,enlarged-pores,.jpg
-8_PNG_jpg.rf.31406912e14e9e3663eb9150fa3dca55.jpg,enlarged-pores,.jpg
-8_PNG_jpg.rf.35de8a20de62ed44680518d1ba01769e.jpg,enlarged-pores,.jpg
-8_PNG_jpg.rf.a2933ed773b826763577ee36921e6865.jpg,enlarged-pores,.jpg
-8_PNG_jpg.rf.ce14dae6e494d428e5ecab59845e8cbd.jpg,enlarged-pores,.jpg
-8_PNG_jpg.rf.d01af9896602ac5405a3f4c4d8ac7bae.jpg,enlarged-pores,.jpg
-8_PNG_jpg.rf.eb21e2feda79ec24cf99d782b5705ade.jpg,enlarged-pores,.jpg
-8_PNG_jpg.rf.ec6918b8115c1efeabf27302975afd6c.jpg,enlarged-pores,.jpg
-8_PNG_jpg.rf.fc611ef414a24d9840a58a005b58b9d2.jpg,enlarged-pores,.jpg
-8_PNG_jpg.rf.ff5ae6c1e7235f505ea04d45bbc4fc01.jpg,enlarged-pores,.jpg
-9_PNG_jpg.rf.b951074731120a472f6c01e272476a44.jpg,enlarged-pores,.jpg
12_PNG_jpg.rf.124de128c03e1846227edb0c1f707318.jpg,enlarged-pores,.jpg
12_PNG_jpg.rf.18be6dd44c678c6decfa0805b6944f90.jpg,enlarged-pores,.jpg
12_PNG_jpg.rf.2183d4574d4874ddaeb91c1b886b946a.jpg,enlarged-pores,.jpg
12_PNG_jpg.rf.245de5eb1d45df7907b04e7a460ee33e.jpg,enlarged-pores,.jpg
12_PNG_jpg.rf.2750fb5012d4f6a0dc8148074f633b49.jpg,enlarged-pores,.jpg
12_PNG_jpg.rf.41b64d5b6fd4a4a798536df0636d3485.jpg,enlarged-pores,.jpg
12_PNG_jpg.rf.4b877b4caa20c1a2fe46cd85f2ea5748.jpg,enlarged-pores,.jpg
12_PNG_jpg.rf.52ba395988d410b73ba593222515d9b9.jpg,enlarged-pores,.jpg
12_PNG_jpg.rf.68bcfd5259c4aa82afd70ab1d57b2ffd.jpg,enlarged-pores,.jpg
12_PNG_jpg.rf.6cd1ca0e9e69450405505c6e082b49bd.jpg,enlarged-pores,.jpg
12_PNG_jpg.rf.6eca3c57747490983f26fafe24b780c2.jpg,enlarged-pores,.jpg
12_PNG_jpg.rf.7703f81c7517af254adf02e68bd40bd3.jpg,enlarged-pores,.jpg
12_PNG_jpg.rf.799b3612e013c2bb2a533a33f4b63208.jpg,enlarged-pores,.jpg
12_PNG_jpg.rf.7be7919f1ab1749d21db7741a245114d.jpg,enlarged-pores,.jpg
12_PNG_jpg.rf.7f753c5970f4f4a2c690f18745c91462.jpg,enlarged-pores,.jpg
12_PNG_jpg.rf.8474ac4d2d2ed8989818e401fab65326.jpg,enlarged-pores,.jpg
12_PNG_jpg.rf.86695552676d759e48de2fe453e7dc43.jpg,enlarged-pores,.jpg
12_PNG_jpg.rf.8f865bd61121a25b7e6f639d883565b4.jpg,enlarged-pores,.jpg
12_PNG_jpg.rf.95a20adf99daf686f3712debeddf195e.jpg,enlarged-pores,.jpg
12_PNG_jpg.rf.985af91af32b31d392b6c692bca7d28f.jpg,enlarged-pores,.jpg
12_PNG_jpg.rf.98f4244df854031d6e1e438b39a93cf2.jpg,enlarged-pores,.jpg
12_PNG_jpg.rf.9b023bc6bc8a8f1a62adc2e813fce2b2.jpg,enlarged-pores,.jpg
12_PNG_jpg.rf.a0d9791dd76c0e3f0c77b60769153ab1.jpg,enlarged-pores,.jpg
12_PNG_jpg.rf.b4e7525ad7d0db23adde8326e7ce8bea.jpg,enlarged-pores,.jpg
12_PNG_jpg.rf.bb84c9a0c785ebafcfd5c37801d3c705.jpg,enlarged-pores,.jpg
12_PNG_jpg.rf.cda55fccaaafc7803f1a0ec76246fda6.jpg,enlarged-pores,.jpg
12_PNG_jpg.rf.cf063eefd6eb893750b4f4ea1e1cc7ef.jpg,enlarged-pores,.jpg
12_PNG_jpg.rf.d72e1c95a660aa6ca32c4fd3b14e7de2.jpg,enlarged-pores,.jpg
12_PNG_jpg.rf.e1360fa63aca47d5c90c613a6565e9c4.jpg,enlarged-pores,.jpg
12_PNG_jpg.rf.e466a203aedd29798f0d19f69bebdb22.jpg,enlarged-pores,.jpg
12_PNG_jpg.rf.eb5ad668eb8c214ce081cb360f60e197.jpg,enlarged-pores,.jpg
12_PNG_jpg.rf.ee014680a26fcf1a261818ec5358ff73.jpg,enlarged-pores,.jpg
12_PNG_jpg.rf.f1429450027bce3606176da4b34d4422.jpg,enlarged-pores,.jpg
12_PNG_jpg.rf.fef632495c81083fad5926c64c4f17a8.jpg,enlarged-pores,.jpg
13_PNG_jpg.rf.0e8f4dc1b29976de2c3d89c87eeb1967.jpg,enlarged-pores,.jpg
13_PNG_jpg.rf.15923170e9a12f839a51d6b37491acb6.jpg,enlarged-pores,.jpg
13_PNG_jpg.rf.2a9eb045f424ebc55c940d9f66176839.jpg,enlarged-pores,.jpg
13_PNG_jpg.rf.3e37cb2e5c56dee855a2c0e976ac6986.jpg,enlarged-pores,.jpg
13_PNG_jpg.rf.8a5e3365e5b088600ec54090eb02d0cb.jpg,enlarged-pores,.jpg
13_PNG_jpg.rf.9cf6e61be9a4d2bb27672a64f7646c9c.jpg,enlarged-pores,.jpg
13_PNG_jpg.rf.b51cf3fa66cf2bb7cfd13f38e0091cb0.jpg,enlarged-pores,.jpg
13_PNG_jpg.rf.b9c6ab2fb9a28dc8aa2ccd010ab4a261.jpg,enlarged-pores,.jpg
13_PNG_jpg.rf.bc67017b98d0a253fc45d272bff3de2a.jpg,enlarged-pores,.jpg
13_PNG_jpg.rf.e4b6e7839f9065ba6f5afb491448d3f6.jpg,enlarged-pores,.jpg
13_PNG_jpg.rf.ef08523396706915bd2fab213ea92d43.jpg,enlarged-pores,.jpg
13_PNG_jpg.rf.f3a6422c5d362c9cef56e363e74baf61.jpg,enlarged-pores,.jpg
14_PNG_jpg.rf.026b9e66a114eef1523fd0afe45b2b64.jpg,enlarged-pores,.jpg
14_PNG_jpg.rf.03ad0eeb92015d4a4c033fb60a59b453.jpg,enlarged-pores,.jpg
14_PNG_jpg.rf.0f989061e886d320cfbdccfaed8c44bb.jpg,enlarged-pores,.jpg
14_PNG_jpg.rf.1f3fe079ceb886ad35e8109866ef7662.jpg,enlarged-pores,.jpg
14_PNG_jpg.rf.1fbd45bab30a13b54a1d14a7eda5aa8b.jpg,enlarged-pores,.jpg
14_PNG_jpg.rf.1fd5e958118323b555076089189c9ee1.jpg,enlarged-pores,.jpg
14_PNG_jpg.rf.202d8f85487e9501e6d04883f3b0c974.jpg,enlarged-pores,.jpg
14_PNG_jpg.rf.2170c1b93ac4c8419e9af8f00bd8da72.jpg,enlarged-pores,.jpg
14_PNG_jpg.rf.31dd9183fb3811ac20bcc36a4931af07.jpg,enlarged-pores,.jpg
14_PNG_jpg.rf.37bda65a25a202dacef2ab7a4981a54c.jpg,enlarged-pores,.jpg
14_PNG_jpg.rf.3e36886da576fbe5722051cf24cbf1d1.jpg,enlarged-pores,.jpg
14_PNG_jpg.rf.54d81410f7e6f2c17d3205a1fb4d85d3.jpg,enlarged-pores,.jpg
14_PNG_jpg.rf.5d443a40afd9f226b6d24e8561418d4f.jpg,enlarged-pores,.jpg
14_PNG_jpg.rf.5d9902c0a7c1024b1af93fc9a4e36dfc.jpg,enlarged-pores,.jpg
14_PNG_jpg.rf.6ffef2a699620530d6fa273319d72343.jpg,enlarged-pores,.jpg
14_PNG_jpg.rf.7b55d3f0677cf3ba67f90478efdf597c.jpg,enlarged-pores,.jpg
14_PNG_jpg.rf.86fdc25f82768de0edab97a7183827f3.jpg,enlarged-pores,.jpg
14_PNG_jpg.rf.936d9ab2688c9c74bb72d68bb23c3a62.jpg,enlarged-pores,.jpg
14_PNG_jpg.rf.9d56c4bfd0cd2b3ebd64f4984779e365.jpg,enlarged-pores,.jpg
40_PNG_jpg.rf.b78f62d2293bb493f55a93dc8ae230c6.jpg,enlarged-pores,.jpg
40_PNG_jpg.rf.be89203df9ac811755080fbc495b0d3b.jpg,enlarged-pores,.jpg
40_PNG_jpg.rf.bf44c5441135a3f5759ce32707a4d746.jpg,enlarged-pores,.jpg
40_PNG_jpg.rf.d4659c31c8a6c48164090cf33b007d07.jpg,enlarged-pores,.jpg
40_PNG_jpg.rf.e0eab58eab3c6896f79be51336b1896b.jpg,enlarged-pores,.jpg
40_PNG_jpg.rf.e9373cfb92141e764f951adf13a8ca3f.jpg,enlarged-pores,.jpg
40_PNG_jpg.rf.f8fbb993dde81319cb65db4da13f8ae7.jpg,enlarged-pores,.jpg
41_PNG_jpg.rf.0197b401921555082afc113326e85ccb.jpg,enlarged-pores,.jpg
41_PNG_jpg.rf.075e7bd4f236f71cc66eda9ead247671.jpg,enlarged-pores,.jpg
41_PNG_jpg.rf.07ffa3c6240e7d7e6ce5b9ef560efc0b.jpg,enlarged-pores,.jpg
41_PNG_jpg.rf.09cd7670bd7455612b9076808c25bc31.jpg,enlarged-pores,.jpg
41_PNG_jpg.rf.1447defe791762b0c7b8bfddccdaeedf.jpg,enlarged-pores,.jpg
41_PNG_jpg.rf.1692bf2f200295cda0c5cdd971b37e53.jpg,enlarged-pores,.jpg
41_PNG_jpg.rf.1ed7f130af2bac28f1ba253f8a19733f.jpg,enlarged-pores,.jpg
41_PNG_jpg.rf.268aa2dd5e462334989ae625bc53f599.jpg,enlarged-pores,.jpg
41_PNG_jpg.rf.2d6474d904643d542133754e57cd14c7.jpg,enlarged-pores,.jpg
41_PNG_jpg.rf.30a196b3f66233e7cc85c4b838f220bb.jpg,enlarged-pores,.jpg
41_PNG_jpg.rf.323b8d5c6defa805804bf2574f4d497f.jpg,enlarged-pores,.jpg
41_PNG_jpg.rf.347980a9112a0ef10fa254bfcc5e1686.jpg,enlarged-pores,.jpg
41_PNG_jpg.rf.37dfe7a351c279e9397e6bbb79679351.jpg,enlarged-pores,.jpg
41_PNG_jpg.rf.587d7485561c6f00912f3cbf088b1048.jpg,enlarged-pores,.jpg
41_PNG_jpg.rf.8669597c2e8aea3a025382507e54de81.jpg,enlarged-pores,.jpg
41_PNG_jpg.rf.896346fc27e7cc7fd6570fd5ab29ba62.jpg,enlarged-pores,.jpg
41_PNG_jpg.rf.9dde5f900fa23e570cf9f812bddc5f8e.jpg,enlarged-pores,.jpg
41_PNG_jpg.rf.ab9e6a28a35d154c07db2f08ae0940a8.jpg,enlarged-pores,.jpg
41_PNG_jpg.rf.af3f19a8d2620bd1ee67f6fa329979db.jpg,enlarged-pores,.jpg
41_PNG_jpg.rf.b39a6a6fe0231d2c09a8d471b063e11d.jpg,enlarged-pores,.jpg
41_PNG_jpg.rf.b8b76487015e522ce1881a9eb5e494f4.jpg,enlarged-pores,.jpg
41_PNG_jpg.rf.bba3b79ed1349c08c1058d0e7e0f36f4.jpg,enlarged-pores,.jpg
41_PNG_jpg.rf.bf8b0dfa4c33fc49c11f891dfca74ea7.jpg,enlarged-pores,.jpg
41_PNG_jpg.rf.cdadb5bd495a52de88d198005a9705b9.jpg,enlarged-pores,.jpg
41_PNG_jpg.rf.d77ef24d122d418f6c492ea24082b3ae.jpg,enlarged-pores,.jpg
41_PNG_jpg.rf.d8947e8036d10cf4622041cb86e74d3b.jpg,enlarged-pores,.jpg
41_PNG_jpg.rf.d9fec0baa0cabb2c7d8ed5f27ca7ad1d.jpg,enlarged-pores,.jpg
41_PNG_jpg.rf.e2e8f8950364548495188c97a04cdae0.jpg,enlarged-pores,.jpg
41_PNG_jpg.rf.e38f1915c10cc6ba5fddc293cdfafdd5.jpg,enlarged-pores,.jpg
41_PNG_jpg.rf.e930f211b94f03f8c1acce71147831f3.jpg,enlarged-pores,.jpg
41_PNG_jpg.rf.f69a334c6046a7cd8c718d04b544ee79.jpg,enlarged-pores,.jpg
41_PNG_jpg.rf.f7f082c9458eeedb68bd7787cab1238d.jpg,enlarged-pores,.jpg
84_PNG_jpg.rf.088be93d0bbfe82a238157edea4c6e2f.jpg,enlarged-pores,.jpg
84_PNG_jpg.rf.0d3cddcee55fbace6c7b411d6f5efc6e.jpg,enlarged-pores,.jpg
84_PNG_jpg.rf.2d631d16ea384947a4245f473ca3afe9.jpg,enlarged-pores,.jpg
84_PNG_jpg.rf.30bd966bcfde51ce7e8631175fb83fc7.jpg,enlarged-pores,.jpg
84_PNG_jpg.rf.34e3bb40bc5ad08db04c002a82cebab9.jpg,enlarged-pores,.jpg
84_PNG_jpg.rf.41b6139a7ae6bd2dc171cbfb46bfbbd2.jpg,enlarged-pores,.jpg
84_PNG_jpg.rf.43fe693e02b08a0aab8268132710f60e.jpg,enlarged-pores,.jpg
84_PNG_jpg.rf.4a02df0fc2daa88a466f424737c105c8.jpg,enlarged-pores,.jpg
84_PNG_jpg.rf.4a3aa17a34d4ce4e705f230a6c28d858.jpg,enlarged-pores,.jpg
84_PNG_jpg.rf.4c2a7094cbdf8e2e26b40609ad6622a6.jpg,enlarged-pores,.jpg
84_PNG_jpg.rf.52c736c3622009de64ac38c885cdfc54.jpg,enlarged-pores,.jpg
84_PNG_jpg.rf.5e940e7a210589845c3b58f89168840a.jpg,enlarged-pores,.jpg
84_PNG_jpg.rf.5f5215cc1480d8b79a37a62e96530ad8.jpg,enlarged-pores,.jpg
84_PNG_jpg.rf.6f4ed1d2647bd9d94e813b9b1070b0c0.jpg,enlarged-pores,.jpg
84_PNG_jpg.rf.80ddbb6f8c5389cd7638d6d0ea84d3e2.jpg,enlarged-pores,.jpg
84_PNG_jpg.rf.b26a709913b0cc7ce3ef6bf2c3038131.jpg,enlarged-pores,.jpg
84_PNG_jpg.rf.ba80e3220773c28a06e2ec7a71d357d9.jpg,enlarged-pores,.jpg
84_PNG_jpg.rf.c5211b3eda3f1af7f84769a5d3ab7444.jpg,enlarged-pores,.jpg
84_PNG_jpg.rf.caf0669179138c9866c44a833f1ec033.jpg,enlarged-pores,.jpg
84_PNG_jpg.rf.cc7717d308e3b90092986534e3d3dd75.jpg,enlarged-pores,.jpg
84_PNG_jpg.rf.d44d0f27b5d76cf75325cad7f87f63e2.jpg,enlarged-pores,.jpg
84_PNG_jpg.rf.de726a419c4cbf4ecb41da2d1be79d90.jpg,enlarged-pores,.jpg
84_PNG_jpg.rf.f5c544e453eb7071762e9e9ffcf328f6.jpg,enlarged-pores,.jpg
melasma18_jpg.rf.0622e74925e4dc902d6fb8697ff3aaef.jpg,melasma,.jpg
melasma18_jpg.rf.652e37648b1b1300d0bdf73079b5f49a.jpg,melasma,.jpg
melasma18_jpg.rf.7334a67352bd1d8ee9f7fa76c45a95ef.jpg,melasma,.jpg
melasma18_jpg.rf.8055e56f196f18b98679c0f216fe4f32.jpg,melasma,.jpg
melasma18_jpg.rf.aa0a29820aa5256e3fdda6a25f1c08d1.jpg,melasma,.jpg
melasma18_jpg.rf.b5495758e286c24353c5079554fadbc4.jpg,melasma,.jpg
melasma18_jpg.rf.b7c007f30fd3e3c13be0138f25ca957b.jpg,melasma,.jpg
melasma18_jpg.rf.b90bc33124c9c9d3702144bfc138a427.jpg,melasma,.jpg
melasma18_jpg.rf.bbda819ac2858235e91faabbfa0f1c8a.jpg,melasma,.jpg
melasma18_jpg.rf.e178718f84224aaaec6bd8c66932fa0f.jpg,melasma,.jpg
melasma18_jpg.rf.e187bd4984fbdbd0e1884f24871e00e0.jpg,melasma,.jpg
melasma18_jpg.rf.ee4437514585f5e5ba8d90190d107530.jpg,melasma,.jpg
melasma18_jpg.rf.f7e259db6a0713b48dc08a96a8c7d37a.jpg,melasma,.jpg
melasma19_jpg.rf.03c8304e4205f3e18c37739956675ee4.jpg,melasma,.jpg
melasma19_jpg.rf.0a079f5329c9d776df135f4b202fb83e.jpg,melasma,.jpg
melasma19_jpg.rf.0f7b6f40d50ae1ae00cd96af45302b2e.jpg,melasma,.jpg
melasma19_jpg.rf.11d7102b15790e7b229a7f5ab8843ce5.jpg,melasma,.jpg
melasma19_jpg.rf.134eb3ca0983eab9e104580818c23a9c.jpg,melasma,.jpg
melasma19_jpg.rf.1bb638da4f20f24ce9dc6ef556598e3c.jpg,melasma,.jpg
melasma19_jpg.rf.1efbb119fd2eb38651846643ef47507d.jpg,melasma,.jpg
melasma19_jpg.rf.6226d450aca1f5a0e8f5ca7ba2904949.jpg,melasma,.jpg
melasma19_jpg.rf.660add815002fa10c97d805e5fcb23e5.jpg,melasma,.jpg
melasma19_jpg.rf.723fcb9d565f48ed1e182034a72b81ce.jpg,melasma,.jpg
melasma19_jpg.rf.80870034c81e13ec9e6b9c2bbb685cd0.jpg,melasma,.jpg
melasma19_jpg.rf.9e87d17a334e98929e3e418efae700f6.jpg,melasma,.jpg
melasma19_jpg.rf.a7ab7ed21cdf42c79c7e94971b963bcc.jpg,melasma,.jpg
melasma19_jpg.rf.a8e46bc492e417e6521deed6dc621aab.jpg,melasma,.jpg
melasma19_jpg.rf.c02923e96148b210db79e85b71b439e9.jpg,melasma,.jpg
melasma19_jpg.rf.c3d989b64e3c4db07283d9732535b8ff.jpg,melasma,.jpg
melasma19_jpg.rf.c510b163f257f5b2d8e2df8b1bad32fe.jpg,melasma,.jpg
melasma19_jpg.rf.d2ae9cf7b55d9533bbe92a9ce775357e.jpg,melasma,.jpg
melasma19_jpg.rf.f7472ae32f4b7a6e330f122cdb26855b.jpg,melasma,.jpg
melasma19_jpg.rf.fc141f8095d91d9be138d555c9d0b90b.jpg,melasma,.jpg
melasma20_jpg.rf.579135972a0becc01ab4ab5c40ea8de5.jpg,melasma,.jpg
melasma20_jpg.rf.99c1b81870656cc3420fb20fd5377d8d.jpg,melasma,.jpg
melasma20_jpg.rf.c756d01e64bda6718472929766446572.jpg,melasma,.jpg
melasma20_jpg.rf.d7a4a452a29ee62eda4e8d21003bed83.jpg,melasma,.jpg
melasma20_jpg.rf.e79a838ded879aa17c2c75d10b8fd54d.jpg,melasma,.jpg
melasma21_jpg.rf.159171e207d2ce7f1d59195b3318adf0.jpg,melasma,.jpg
melasma21_jpg.rf.1d52cb613c13c01596f5f46f2c6081fd.jpg,melasma,.jpg
melasma21_jpg.rf.1d92d343407835714fc7efdf8c8c6b1e.jpg,melasma,.jpg
melasma21_jpg.rf.445506182e1c572b89f293b67612ee95.jpg,melasma,.jpg
melasma21_jpg.rf.44c121a5cf04a2b354f17070ccdbb914.jpg,melasma,.jpg
melasma21_jpg.rf.4a188429669c55de0bdfd565308b4753.jpg,melasma,.jpg
melasma21_jpg.rf.52e2f2da26e4086cd0b37ef97f322954.jpg,melasma,.jpg
melasma21_jpg.rf.5718d388d77c0b4698ae93c77ada794c.jpg,melasma,.jpg
melasma21_jpg.rf.bb9c00bac595f335d7723b68f6cc7965.jpg,melasma,.jpg
melasma21_jpg.rf.bd6a30b22bc3c30ebaf7ff7da740d2d8.jpg,melasma,.jpg
melasma21_jpg.rf.c6557b802ec7daaad5e1cc227791d3a4.jpg,melasma,.jpg
melasma22_jpg.rf.0b19b3800102bafef3acd1138913728d.jpg,melasma,.jpg
melasma22_jpg.rf.2b97009e071c38458d133be11425e387.jpg,melasma,.jpg
melasma22_jpg.rf.2e9ea28d1ad756ff9d68b30fc6d4bf0d.jpg,melasma,.jpg
melasma22_jpg.rf.30b9278c7c1c305329f4da1a614b7224.jpg,melasma,.jpg
melasma22_jpg.rf.385dbfe1b13d04d2eb7b038154f6dc9a.jpg,melasma,.jpg
melasma22_jpg.rf.3e6e60bc88c5fa74aa84446ae5d8a7fd.jpg,melasma,.jpg
melasma22_jpg.rf.7118704b9d1ca3ca45c6daaa3b616f79.jpg,melasma,.jpg
melasma22_jpg.rf.729b817ffb23bacd30f17d389fc78e46.jpg,melasma,.jpg
melasma22_jpg.rf.81925a1a21b6c4366096c3aa407aab54.jpg,melasma,.jpg
melasma22_jpg.rf.8705970d9fe5e286a8aae417b2d358e4.jpg,melasma,.jpg
melasma22_jpg.rf.874252b7f3217f0eda1225a451eabb43.jpg,melasma,.jpg
melasma22_jpg.rf.89cc1867fad414d364ce917e510ddba9.jpg,melasma,.jpg
melasma22_jpg.rf.8bae5c5db7356e6862334119e56d0a5d.jpg,melasma,.jpg
melasma22_jpg.rf.9b02c094789da852df0658e27f7714f5.jpg,melasma,.jpg
melasma22_jpg.rf.c514374bb210f09b32e0e14d4921deb2.jpg,melasma,.jpg
melasma22_jpg.rf.ca996acdb19e5cfc4fc7225e93261975.jpg,melasma,.jpg
melasma31_jpg.rf.42823979e56e36770734bbb31d79590f.jpg,melasma,.jpg
melasma31_jpg.rf.4c94ba72f2437ece3ab7cbbdb7ed2c85.jpg,melasma,.jpg
melasma31_jpg.rf.5d03a6fbf998910fac4513a5803bc430.jpg,melasma,.jpg
melasma31_jpg.rf.6296580795442ea1a808d7ae6e59d3a5.jpg,melasma,.jpg
melasma31_jpg.rf.665a2eb415886ee66681694256fa5065.jpg,melasma,.jpg
melasma31_jpg.rf.6cb5ddea0158809d9653578e8d47575d.jpg,melasma,.jpg
melasma31_jpg.rf.8216782496e32b7ca11098f4e93d1096.jpg,melasma,.jpg
melasma31_jpg.rf.9acb97fcee164271520877566a4f38d9.jpg,melasma,.jpg
melasma31_jpg.rf.a9034c7ecaef25bd1614d05d824ac87e.jpg,melasma,.jpg
melasma31_jpg.rf.ab06e413a0319615ce7dfba587a8ec3d.jpg,melasma,.jpg
melasma31_jpg.rf.ba9c510afd2268cb577ebaa51d93881e.jpg,melasma,.jpg
melasma31_jpg.rf.bb49e1d59dbee24dd5edeb836752e3aa.jpg,melasma,.jpg
melasma31_jpg.rf.c76f6ba9210373602795d07e0a21a77f.jpg,melasma,.jpg
melasma31_jpg.rf.c803524c5ea620a5eb2a9c68a5db2fc8.jpg,melasma,.jpg
melasma31_jpg.rf.d24321fc9fec759aa8d4f68627c02099.jpg,melasma,.jpg
melasma31_jpg.rf.d92ab525c670c6deec34619f2d446d3e.jpg,melasma,.jpg
melasma31_jpg.rf.e641192cedd491a6379a6f6e9af70c38.jpg,melasma,.jpg
melasma31_jpg.rf.eb475eefccf838fecab0611dce726b18.jpg,melasma,.jpg
melasma31_jpg.rf.ebc048d456858fca7bf6ea3bbcb587db.jpg,melasma,.jpg
melasma32_jpg.rf.0c50f935359fd9cfbbb17fefbd943cab.jpg,melasma,.jpg
melasma32_jpg.rf.2397a1bc815f8590248e47cf6140736f.jpg,melasma,.jpg
melasma32_jpg.rf.53daa32b17ab65d72bc1252a95103847.jpg,melasma,.jpg
melasma32_jpg.rf.6fd71be00d4263b711986cabb4418273.jpg,melasma,.jpg
melasma32_jpg.rf.b8866d4853a5a8765867c8bf93b4cad7.jpg,melasma,.jpg
melasma32_jpg.rf.bb47d954737252dd496c22e867d661e4.jpg,melasma,.jpg
melasma33_jpg.rf.0589cffd651f7464f66358c70ff92a93.jpg,melasma,.jpg
melasma33_jpg.rf.0ea316d41ce4c1aed43ccaa5175fb00c.jpg,melasma,.jpg
melasma33_jpg.rf.1c203fa8c8453d34d96434d52a43de55.jpg,melasma,.jpg
melasma33_jpg.rf.1ea4fd9765dd47f55149092cd9b86563.jpg,melasma,.jpg
melasma33_jpg.rf.221487faef7dab40bbf6dc3c81ff1d77.jpg,melasma,.jpg
melasma33_jpg.rf.221a8d53f71669d326fbd401f435d14c.jpg,melasma,.jpg
melasma33_jpg.rf.2476fe91b9842139672b12d7c3591e35.jpg,melasma,.jpg
melasma33_jpg.rf.29b6e8e9e0de434df0869e40bff53d9c.jpg,melasma,.jpg
melasma33_jpg.rf.2eb2ecaacaa23bd64cba3d513f1494f2.jpg,melasma,.jpg
melasma33_jpg.rf.3e55e6170e4eb0c8fbb9a578f8333647.jpg,melasma,.jpg
melasma33_jpg.rf.421efbe1d019320d743b4f2786d3ecc3.jpg,melasma,.jpg
melasma33_jpg.rf.4709afc1236bbec14fd28650317b9bfc.jpg,melasma,.jpg
melasma33_jpg.rf.56cd874fb5dc40836201194805834f2d.jpg,melasma,.jpg
melasma33_jpg.rf.64c451c3cb85c0c5db0ff24ffc66615b.jpg,melasma,.jpg
melasma3_jpg.rf.0e1c7c8a127bc746cd6986c7c79ac1da.jpg,melasma,.jpg
melasma3_jpg.rf.15bbddbd8979161b824b8ad4c1cc5421.jpg,melasma,.jpg
melasma3_jpg.rf.1ad2a3f627cce4d018077ea7566b5946.jpg,melasma,.jpg
melasma3_jpg.rf.251ac962cb31c085119b614c7d8d2d6f.jpg,melasma,.jpg
melasma3_jpg.rf.271b6917afe0a4a0bd9184b9e043e74b.jpg,melasma,.jpg
melasma3_jpg.rf.2bcb2cacf17477a132776c8075900854.jpg,melasma,.jpg
melasma3_jpg.rf.379fa088e1c8afdf8d405e9c3c1a9fce.jpg,melasma,.jpg
melasma3_jpg.rf.4c247696bcd0839b9a9bc2f7d3d6bf48.jpg,melasma,.jpg
melasma3_jpg.rf.6b81c10908e4e05de96d7720051b0bc3.jpg,melasma,.jpg
melasma3_jpg.rf.7a155af3ab85d86742a6cb8f8b61c2dd.jpg,melasma,.jpg
melasma3_jpg.rf.b05581b1f94b6b5f157710e5589ca0bb.jpg,melasma,.jpg
melasma3_jpg.rf.b249aa4aed8a35ae930e242a5c6282d0.jpg,melasma,.jpg
melasma3_jpg.rf.b3c71c6b66e56b38ede2ac8e00929f4f.jpg,melasma,.jpg
melasma3_jpg.rf.b41f6eabbccd0f1228a4c18bb669df8b.jpg,melasma,.jpg
melasma3_jpg.rf.b8e75255b40af6b793e2edf045a8f62d.jpg,melasma,.jpg
melasma3_jpg.rf.db2261c5fbb52185c3aa2f07a5e1429b.jpg,melasma,.jpg
melasma3_jpg.rf.db49107917b8c6ec5d070cb96263ec35.jpg,melasma,.jpg
melasma3_jpg.rf.df4bc0dbf59603656d76f5004ae48d30.jpg,melasma,.jpg
melasma3_jpg.rf.f2c0251972094a326b02a4e9ddb3fd57.jpg,melasma,.jpg
melasma3_jpg.rf.f41164375124ccc0c6dfe471a55a3e8d.jpg,melasma,.jpg
melasma41_jpg.rf.23fb58a0dc03b8b09615853d426da9a8.jpg,melasma,.jpg
melasma41_jpg.rf.23ff60d9a919895ea7835672b5d26fa7.jpg,melasma,.jpg
melasma41_jpg.rf.25caad04b22c08e9d0572ba697b731c0.jpg,melasma,.jpg
melasma41_jpg.rf.3aaf5cd3fdf404463a3e4c2e840eb18b.jpg,melasma,.jpg
melasma41_jpg.rf.5d9a4fbd5becb7a9f7373f3c437a5b90.jpg,melasma,.jpg
melasma41_jpg.rf.60840d0d25c42945af292cb1e5bc7028.jpg,melasma,.jpg
melasma41_jpg.rf.6b87853bfb82f1c3c183078ac95829e6.jpg,melasma,.jpg
melasma41_jpg.rf.6f46f5f3c0d18a1aa734e3a22d0b7ebd.jpg,melasma,.jpg
melasma41_jpg.rf.710c23885289e44556a461cb3aa44661.jpg,melasma,.jpg
melasma41_jpg.rf.765e0c7a889cfedef252e2f2d9bac1be.jpg,melasma,.jpg
melasma41_jpg.rf.7d34b7d986f3f857385b749e9385f968.jpg,melasma,.jpg
melasma41_jpg.rf.8c51d44084b13e357a2129be1c4e1d31.jpg,melasma,.jpg
melasma41_jpg.rf.95356f9eb15a9df944b8c0339696d126.jpg,melasma,.jpg
melasma41_jpg.rf.a5dcf59d58e418069c1e96dbadac6fb3.jpg,melasma,.jpg
melasma41_jpg.rf.b2f36c2a3871c3b48f88631944c26785.jpg,melasma,.jpg
melasma41_jpg.rf.b609b9224b8f185fe7a69123985411db.jpg,melasma,.jpg
melasma41_jpg.rf.bafeaaf35476e687d85bd2ac4e11b148.jpg,melasma,.jpg
melasma41_jpg.rf.bb00351213618d925e5067c84d0f743b.jpg,melasma,.jpg
melasma41_jpg.rf.c025add87c61156a39f6f9f509f9dc81.jpg,melasma,.jpg
melasma41_jpg.rf.c09721cbfebf1249623d07c4f21fc5b8.jpg,melasma,.jpg
melasma41_jpg.rf.d6b0597883cec8e78bb796d404f7bab2.jpg,melasma,.jpg
melasma41_jpg.rf.ea3a3a2e1656ee1e2a8a1ad8f59d4329.jpg,melasma,.jpg
melasma41_jpg.rf.ebb31c52599648a143ab1c649de61278.jpg,melasma,.jpg
melasma41_jpg.rf.f2fb3746a491b0e9ce918f0b16b3947b.jpg,melasma,.jpg
melasma41_jpg.rf.f4cea81a67b7882b51485b6c3c3ea88a.jpg,melasma,.jpg
melasma41_jpg.rf.f4e5d7a674ad8fdf7a7b54a68bba309a.jpg,melasma,.jpg
melasma41_jpg.rf.fbe1280a6f18a2d4f2d93222ac3b3acc.jpg,melasma,.jpg
melasma42_jpg.rf.005ec0abe23d1f3939eedc66d8024123.jpg,melasma,.jpg
melasma42_jpg.rf.0a78cc90ae65a476900500be83bec64a.jpg,melasma,.jpg
melasma42_jpg.rf.0c291d432cc31e7ab4b52351a6e4db6d.jpg,melasma,.jpg
melasma42_jpg.rf.0d600bc8442810e87c533d5ad335e10b.jpg,melasma,.jpg
melasma42_jpg.rf.15f82bcb7bb2b6c92ed6a404ad755ac4.jpg,melasma,.jpg
melasma42_jpg.rf.4f946503abb6758f39871b8215a77851.jpg,melasma,.jpg
melasma42_jpg.rf.5ada4e8315e6bd913afbb027a845c120.jpg,melasma,.jpg
melasma42_jpg.rf.6f6d3e739ccd401d0e9ee9f24489a285.jpg,melasma,.jpg
melasma42_jpg.rf.9d1c4792990800819b806ca4a6e1f59c.jpg,melasma,.jpg
melasma45_jpg.rf.cefb109bbe9048d2244140f596739d88.jpg,melasma,.jpg
melasma45_jpg.rf.d47a674469bc2895aa0bf8d31beb6a5c.jpg,melasma,.jpg
melasma45_jpg.rf.d5ceefe94862b9b56c8c3c7cd469d5ff.jpg,melasma,.jpg
melasma45_jpg.rf.dea4fce79f43e40f892069714bfe371d.jpg,melasma,.jpg
melasma45_jpg.rf.e98a426b979bb2d55c5052b07be5070f.jpg,melasma,.jpg
melasma45_jpg.rf.f488423a91200aad2f9d42356e2bceea.jpg,melasma,.jpg
melasma45_jpg.rf.f4cad5f1785796df2959d245da5c78ae.jpg,melasma,.jpg
melasma45_jpg.rf.fa866bece5cf326baeaa2146d4b83cb6.jpg,melasma,.jpg
melasma46_jpg.rf.06f8ed948a51b7bf6cc800f400f46823.jpg,melasma,.jpg
melasma46_jpg.rf.0e29aa4659a754c9b63287ae8d3a2739.jpg,melasma,.jpg
melasma46_jpg.rf.11f6e6fb97020599bbbf97763181e819.jpg,melasma,.jpg
melasma46_jpg.rf.1b26876ac0160c992a710dc115d1d241.jpg,melasma,.jpg
melasma46_jpg.rf.1b86dda9e29bf5e0a491ff6430cf6dcc.jpg,melasma,.jpg
melasma46_jpg.rf.1f384496ea542311096a775337af75d7.jpg,melasma,.jpg
melasma46_jpg.rf.3dd7102a844e5e91c475ffb985d77cd3.jpg,melasma,.jpg
melasma46_jpg.rf.3fbea6a36b968d2c0de80962535af670.jpg,melasma,.jpg
melasma46_jpg.rf.52bf588fd864b39a855f12847a95f083.jpg,melasma,.jpg
melasma46_jpg.rf.58be3152ecc803bdee1c47eb86dbb1a2.jpg,melasma,.jpg
melasma46_jpg.rf.5fbfd195c1aa60217f5a07cb27546340.jpg,melasma,.jpg
melasma46_jpg.rf.6db2e2b3cb5784a56ef6b6461008719a.jpg,melasma,.jpg
melasma46_jpg.rf.6f2f3568505eb6e13c469035631da8fc.jpg,melasma,.jpg
melasma46_jpg.rf.8aaf8850084dcd719e70d439a3d1713e.jpg,melasma,.jpg
melasma46_jpg.rf.9efd48feb4af804c0dd648978e4fe651.jpg,melasma,.jpg
melasma5_jpg.rf.5f49b462096534af7d07ab0fce4c17e1.jpg,melasma,.jpg
melasma5_jpg.rf.668681099bfd7d364b86a94e598ef56f.jpg,melasma,.jpg
melasma5_jpg.rf.7245a14d29dc57b5addad71f99e93311.jpg,melasma,.jpg
melasma5_jpg.rf.7981b14a374e7ce9991345448dcbd1ca.jpg,melasma,.jpg
melasma5_jpg.rf.7e69c4c14adac979f8cc9d465f9fd97f.jpg,melasma,.jpg
melasma5_jpg.rf.83878fc7994cbbbb994fe124d494812f.jpg,melasma,.jpg
melasma5_jpg.rf.85e477da8c5b4fcf7536a2765db5762e.jpg,melasma,.jpg
melasma5_jpg.rf.8c83d176aba745b0d3e017b222923410.jpg,melasma,.jpg
melasma5_jpg.rf.8fe32ce3828879542f13cac36426bd56.jpg,melasma,.jpg
melasma5_jpg.rf.a12fed22dc7977b01e44c5186a061ddc.jpg,melasma,.jpg
melasma5_jpg.rf.a996199677e44d5ba7a652a78c6dead3.jpg,melasma,.jpg
melasma5_jpg.rf.b57467cffe14bcc64593ecd49ca2c5e5.jpg,melasma,.jpg
melasma5_jpg.rf.b7b57bacbac8c573a573c15fabc5977c.jpg,melasma,.jpg
melasma5_jpg.rf.b9cf97e4ad1f1fc4d7ccc4ca043ab50a.jpg,melasma,.jpg
melasma5_jpg.rf.bd1cbe61557df8ce833c5900c0a2fbd9.jpg,melasma,.jpg
melasma5_jpg.rf.bd9f4c6a745812572dfaa3af10889cb0.jpg,melasma,.jpg
melasma5_jpg.rf.e734b43b1c5bcb10863c0d5dce66b1ce.jpg,melasma,.jpg
